Posicion,Titulo,Año,Director,Protagonistas,IMDB_Rating,FilmAffinity_Rating,Genero,Datos_Relevantes
1,Yi Yi,2000,Edward Yang,"Nien-Jen Wu, Issei Ogata, Elaine Jin",8.1,8.0,Drama,"Obra maestra de Edward Yang. Premio al Mejor Director en Cannes 2000. Considerada una de las mejores películas del siglo XXI. Épica familiar vista desde tres perspectivas."
2,Ikiru,1952,Akira Kurosawa,Takashi Shimura,8.3,8.0,Drama,"Obra maestra de Kurosawa sobre la búsqueda del sentido de la vida. Considerada una de las mejores películas sobre la mortalidad. Historia de un burócrata que descubre que tiene cáncer."
3,Cinema Paradiso,1988,Giuseppe Tornatore,"Philippe Noiret, Jacques Perrin",8.5,8.2,Drama,"Oscar a Mejor Película Extranjera. Declaración de amor al cine y la nostalgia. Retrato poético de la Italia de posguerra. Banda sonora icónica de Ennio Morricone."
4,The Apartment,1960,Billy Wilder,"Jack Lemmon, Shirley MacLaine",8.3,8.1,Comedia/Drama,"Ganadora de 5 Oscars incluyendo Mejor Película. Comedia dramática perfecta de Billy Wilder. Crítica social sobre el mundo corporativo."
5,The Mother and the Whore,1973,Jean Eustache,"Jean-Pierre Léaud, Bernadette Lafont",8.0,7.8,Drama,"Obra maestra de la Nouvelle Vague tardía. 3 horas y 40 minutos de duración. Retrato crudo de la juventud parisina post-68."
6,Time of the Gypsies,1989,Emir Kusturica,Davor Dujmovic,8.1,7.7,Drama,"Palma de Oro en Cannes 1989. Realismo mágico balkánico. Primera película en dialecto romaní. Influencia en el cine de Europa Oriental."
7,El Oso (The Bear),1988,Jean-Jacques Annaud,Animales reales,7.7,7.6,Aventura,"Épico de supervivencia con animales reales. Prácticamente sin diálogos humanos. 6 nominaciones al Oscar. Pionero en cinematografía de vida salvaje."
8,Zorba el Griego,1964,Michael Cacoyannis,"Anthony Quinn, Alan Bates",7.6,7.5,Drama/Comedia,"7 nominaciones al Oscar. Anthony Quinn en su papel más emblemático. Basada en la novela de Nikos Kazantzakis. Conflicto entre pasión y razón."
9,Romeo and Juliet,1968,Franco Zeffirelli,"Olivia Hussey, Leonard Whiting",7.6,7.5,Drama/Romance,"Oscar a Mejor Fotografía y Mejor Diseño de Vestuario. Adaptación más fiel de Shakespeare. Actores adolescentes reales. Localizada en Italia auténtica."
10,Faust,1994,Jan Švankmajer,"Petr Čepek, Jan Kraus",7.4,7.3,Fantasía/Horror,"Adaptación surrealista del mito de Fausto. Mezcla stop-motion con live-action. Película de culto del cine checo. Estilo único de Švankmajer."
11,The Dam Busters,1955,Michael Anderson,"Richard Todd, Michael Redgrave",7.4,7.1,Guerra,"Épico docudrama de guerra británico sobre la Operación Chastise. RAF 617 Squadron atacó las presas alemanas con bombas saltarinas. Efectos especiales revolucionarios."
12,Gloria,1980,John Cassavetes,Gena Rowlands,7.2,7.3,Thriller,"Gena Rowlands nominada al Oscar. Thriller urbano independiente. Cassavetes en su época más comercial. Remake posterior con Sharon Stone."
13,Antwone Fisher,2002,Denzel Washington,"Derek Luke, Denzel Washington",7.3,7.0,Drama,"Debut como director de Denzel Washington. Basada en la autobiografía real de Antwone Fisher. Fisher escribió el guión de su propia historia de vida."
14,Alice,1988,Jan Švankmajer,"Kristýna Kohoutová, Camilla Power",7.3,7.2,Fantasía,"Adaptación surrealista de Alicia en el País de las Maravillas. Stop-motion y live-action. Primera película de Švankmajer. Influencia en Tim Burton."
15,Little Otik (Otesánek),2000,Jan Švankmajer,"Veronika Žilková, Jan Hartl",7.3,7.0,Horror/Comedia,"Basada en el folclore checo. Pareja sin hijos adopta un tronco de árbol. Mezcla stop-motion con live-action. Horror surrealista."
16,The Dead Zone,1983,David Cronenberg,"Christopher Walken, Brooke Adams",7.2,6.9,Horror/Thriller,"Adaptación de la novela de Stephen King. Una de las mejores colaboraciones Cronenberg-King. Christopher Walken en una actuación memorable."
17,The Mercenary,1968,Sergio Corbucci,"Franco Nero, Tony Musante",7.1,6.8,Western,"Spaghetti Western de Sergio Corbucci. Franco Nero en uno de sus mejores westerns. Banda sonora memorable de Ennio Morricone."
18,Das Experiment,2001,Oliver Hirschbiegel,"Moritz Bleibtreu, Christian Berkel",7.1,6.8,Thriller,"Basada en el experimento real de Stanford. Thriller psicológico alemán sobre la naturaleza humana. Inspiró el remake estadounidense."
19,Brick,2005,Rian Johnson,Joseph Gordon-Levitt,7.1,7.0,Neo-noir,"Film noir ambientado en un instituto de secundaria. Presupuesto de solo $450,000. Debut de Rian Johnson. Diálogos estilo Dashiell Hammett."
20,Lunacy,2005,Jan Švankmajer,"Pavel Liška, Jan Tříska",7.0,6.8,Horror,"Basada en Edgar Allan Poe y Marqués de Sade. Horror psicológico surrealista. Mezcla animación con live-action. Crítica a la psiquiatría moderna."
21,Rio Conchos,1964,Gordon Douglas,"Richard Boone, Stuart Whitman",6.9,6.7,Western,"Western clásico de los años 60. Precursor de Los Magnificos Siete. Trama sobre armas robadas vendidas a los apaches."
22,Black Sunday,1977,John Frankenheimer,"Robert Shaw, Bruce Dern, Marthe Keller",6.8,6.8,Thriller,"Thriller político basado en la novela de Thomas Harris. Trama sobre un atentado terrorista en el Super Bowl. Inspirado en la masacre de Múnich."
23,Rooster Cogburn,1975,Stuart Millar,"John Wayne, Katharine Hepburn",6.8,6.5,Western,"Secuela de Valor de Ley (True Grit). Única colaboración entre John Wayne y Katharine Hepburn. Hepburn tenía 68 años durante el rodaje."
24,Deathtrap,1982,Sidney Lumet,"Michael Caine, Christopher Reeve",6.9,6.5,Thriller,"Basada en la obra de teatro de Ira Levin. Thriller psicológico con múltiples giros argumentales. Christopher Reeve en un papel diferente a Superman."
25,Conspirators of Pleasure,1996,Jan Švankmajer,"Petr Meissel, Barbora Hrzánová",6.8,6.4,Comedia/Drama,"Película sin diálogos sobre fetiches sexuales. Surrealismo puro de Švankmajer. Exploración de los placeres secretos humanos. Stop-motion experimental."
26,Blindness,2008,Fernando Meirelles,"Julianne Moore, Mark Ruffalo",6.6,6.5,Drama/Thriller,"Adaptación de la novela de José Saramago. Alegoría sobre la ceguera moral de la sociedad. Polémica por su representación de la discapacidad."
27,The Devil Wears Prada,2006,David Frankel,"Meryl Streep, Anne Hathaway",6.9,6.4,Comedia/Drama,"Meryl Streep nominada al Oscar por este papel. Basada en la novela de Lauren Weisberger. Fenómeno cultural sobre el mundo de la moda."
28,Pulse (Kairo),2001,Kiyoshi Kurosawa,"Haruhiko Katō, Kumiko Asō",6.5,6.8,Horror,"J-Horror de culto sobre fantasmas en internet. Pionero del horror tecnológico moderno. Remake estadounidense inferior en 2006."
29,Materialists,2025,Celine Song,"Dakota Johnson, Pedro Pascal, Chris Evans",6.5,6.0,Comedia/Romance,"Segunda película de Celine Song tras Past Lives. Comedia romántica sobre matchmaking en NYC. Exploración de relaciones modernas y materialismo."
30,Brotherhood of the Wolf,2001,Christophe Gans,"Samuel Le Bihan, Vincent Cassel",7.0,6.3,Acción/Terror,"Película francesa más cara de su época. Mezcla géneros: histórico, terror, artes marciales. Basada en la leyenda real de la Bestia de Gévaudan."
31,Doctor Cyclops,1940,Ernest B. Schoedsack,Albert Dekker,6.5,6.0,Ciencia Ficción,"Clásico de ciencia ficción de los años 40. Pionero en efectos especiales de miniaturización. Nominado al Oscar por Efectos Especiales."
32,The Book of Life,2014,Jorge R. Gutiérrez,"Diego Luna, Zoe Saldana",7.2,6.2,Animación,"Animación inspirada en el Día de los Muertos mexicano. Producida por Guillermo del Toro. Estilo visual único con figuras de madera."
33,22 Bullets,2010,Richard Berry,Jean Reno,6.7,6.0,Acción/Thriller,"Thriller de acción francés. Jean Reno en modo venganza. Basada en una novela de Franz-Olivier Giesbert."
34,Insect (Hmyz),2018,Jan Švankmajer,"Kamila Janovičová, Jiří Lábus",6.2,5.9,Comedia/Drama,"Adaptación de La vida de los insectos de los hermanos Čapek. Última película de Švankmajer. Sátira social con insectos antropomórficos."
35,Trio Infernal,1974,Francis Girod,"Romy Schneider, Michel Piccoli",6.3,5.8,Drama/Crimen,"Drama criminal francés. Romy Schneider en una actuación intensa. Basado en hechos reales de principios del siglo XX."
36,Dragonfly,2002,Tom Shadyac,Kevin Costner,6.1,5.8,Drama/Sobrenatural,"Drama sobrenatural sobre comunicación post-mortem. Costner en una de sus actuaciones más emotivas de los 2000s. Temas de pérdida y conexión espiritual."
37,The Blob,1988,Chuck Russell,"Kevin Dillon, Shawnee Smith",6.6,5.5,Horror/Ciencia Ficción,"Remake del clásico de 1958. Efectos especiales prácticos impresionantes. Terror de ciencia ficción de los 80s. Presupuesto de 19 millones."
38,The Bloody Judge,1970,Jesús Franco,Christopher Lee,6.1,5.5,Horror/Histórico,"Película de terror histórico. Christopher Lee en uno de sus papeles más siniestros. Ambientada en la Inglaterra del siglo XVII."
39,You Are Not My Mother,2021,Kate Dolan,Hazel Doupe,5.8,5.5,Horror,"Horror psicológico irlandés contemporáneo. Debut como directora de Kate Dolan. Primera finalista en Toronto Film Festival 2021."
40,Black Mama White Mama,1973,Eddie Romero,"Pam Grier, Margaret Markov",5.6,5.4,Explotación,"Explotation film de los 70s. Pam Grier en su época dorada del blaxploitation. Inspirada en The Defiant Ones."
41,Surviving Life,2010,Jan Švankmajer,"Václav Helšus, Klára Issová",5.5,5.2,Comedia/Surrealista,"Collage animado sobre sueños y psicoanálisis. Mezcla fotografías recortadas con animación. Crítica al psicoanálisis freudiano. Último periodo de Švankmajer."
42,5lbs of Pressure,2024,Phil Allocco,"Luke Evans, Alex Pettyfer",5.2,5.0,Thriller/Crimen,"Thriller criminal reciente. Temas de redención y venganza. Luke Evans en un papel dramático."
43,Hide and Go Shriek,1988,Skip Schoolnik,"Bunky Jones, Brittain Frye",5.2,4.8,Horror/Slasher,"Slasher de finales de los 80s. Terror adolescente ambientado en una tienda de muebles. Película de culto del género."
44,Cold Creek Manor,2003,Mike Figgis,"Dennis Quaid, Sharon Stone",5.0,4.5,Thriller,"Thriller psicológico fallido. Kristen Stewart en uno de sus primeros papeles. Casa embrujada/stalker film híbrido."
45,Monkeybone,2001,Henry Selick,"Brendan Fraser, Bridget Fonda",4.8,4.5,Comedia/Fantasía,"Mezcla de live-action y stop-motion. Desastre comercial que perdió 60 millones. Del director de Pesadilla antes de Navidad."
